airline,date_of_journey,source,destination,dep_time,arrival_time,duration,total_stops,additional_info,price
Multiple Carriers,2019-03-21,Delhi,Cochin,07:05:00,21:00:00,835,1.0,No Info,13062
Vistara,2019-06-03,Chennai,Kolkata,07:05:00,09:20:00,135,0.0,No Info,3687
Indigo,2019-06-03,Delhi,Cochin,11:25:00,01:30:00,845,1.0,No Info,5883
Jet Airways,2019-06-06,Delhi,Cochin,20:55:00,04:25:00,450,1.0,In-flight meal not included,10262
Jet Airways,2019-06-27,Delhi,Cochin,18:20:00,19:00:00,1480,2.0,No Info,14300
Indigo,2019-05-01,Kolkata,Banglore,11:30:00,14:05:00,155,0.0,No Info,5644
Multiple Carriers,2019-05-09,Delhi,Cochin,08:00:00,19:15:00,675,1.0,In-flight meal not included,9871
Jet Airways,2019-03-18,Mumbai,Hyderabad,19:35:00,21:05:00,90,0.0,No Info,5678
Multiple Carriers,2019-05-21,Delhi,Cochin,09:15:00,19:15:00,600,1.0,No Info,8099
Indigo,2019-06-01,Delhi,Cochin,11:25:00,01:30:00,845,1.0,No Info,6206
Indigo,2019-05-15,Kolkata,Banglore,21:25:00,00:05:00,160,0.0,No Info,4804
Multiple Carriers,2019-05-27,Delhi,Cochin,09:00:00,21:00:00,720,1.0,No Info,13587
Air India,2019-06-01,Delhi,Cochin,08:00:00,19:15:00,675,1.0,No Info,9929
Air India,2019-05-15,Delhi,Cochin,09:00:00,19:15:00,615,1.0,No Info,8372
Jet Airways,2019-03-24,Mumbai,Hyderabad,02:55:00,04:25:00,90,0.0,No Info,5678
Air India,2019-03-01,Banglore,New Delhi,10:30:00,11:20:00,1490,1.0,No Info,11528
Air Asia,2019-06-12,Kolkata,Banglore,07:35:00,23:30:00,955,1.0,No Info,5192
Jet Airways,2019-03-24,Kolkata,Banglore,21:10:00,09:15:00,725,1.0,No Info,14231
Jet Airways,2019-06-09,Kolkata,Banglore,08:25:00,19:50:00,685,1.0,No Info,14571
Air India,2019-06-06,Kolkata,Banglore,14:35:00,14:35:00,1440,1.0,No Info,6528
Jet Airways,2019-05-01,Kolkata,Banglore,16:30:00,12:00:00,1170,1.0,In-flight meal not included,9663
Air India,2019-03-21,Delhi,Cochin,13:20:00,19:15:00,1795,2.0,No Info,8708
Jet Airways,2019-05-09,Kolkata,Banglore,06:30:00,12:00:00,330,1.0,In-flight meal not included,9663
Multiple Carriers,2019-05-15,Delhi,Cochin,19:00:00,01:30:00,390,1.0,No Info,8073
Jet Airways,2019-03-06,Banglore,New Delhi,11:40:00,07:40:00,1200,1.0,No Info,16736
Jet Airways,2019-05-06,Kolkata,Banglore,10:20:00,17:35:00,435,1.0,In-flight meal not included,7064
Indigo,2019-04-09,Banglore,Delhi,22:10:00,01:00:00,170,0.0,No Info,3943
Spicejet,2019-06-24,Mumbai,Hyderabad,13:15:00,14:45:00,90,0.0,No Info,2017
Jet Airways,2019-05-21,Kolkata,Banglore,06:30:00,10:05:00,1655,1.0,In-flight meal not included,8586
Indigo,2019-03-27,Delhi,Cochin,04:45:00,21:00:00,975,1.0,No Info,7258
Jet Airways,2019-05-27,Delhi,Cochin,20:55:00,12:35:00,940,1.0,In-flight meal not included,12898
Jet Airways,2019-06-06,Kolkata,Banglore,14:05:00,23:35:00,570,1.0,In-flight meal not included,10844
Air India,2019-04-06,Delhi,Cochin,17:20:00,09:25:00,965,1.0,No Info,4697
Indigo,2019-03-21,Delhi,Cochin,10:45:00,15:30:00,285,1.0,No Info,6218
Jet Airways,2019-03-21,Banglore,New Delhi,11:40:00,12:15:00,1475,1.0,In-flight meal not included,7832
Air Asia,2019-06-21,Kolkata,Banglore,19:55:00,22:25:00,150,0.0,No Info,4107
Multiple Carriers,2019-03-21,Delhi,Cochin,09:00:00,21:00:00,720,1.0,No Info,6883
Multiple Carriers,2019-03-21,Delhi,Cochin,07:00:00,13:20:00,380,1.0,No Info,9042
Indigo,2019-05-06,Banglore,Delhi,21:15:00,00:15:00,180,0.0,No Info,3943
Jet Airways,2019-06-01,Mumbai,Hyderabad,10:20:00,11:50:00,90,0.0,In-flight meal not included,4050
Vistara,2019-03-21,Banglore,New Delhi,16:00:00,18:35:00,155,0.0,No Info,5613
Indigo,2019-04-21,Banglore,Delhi,18:25:00,21:20:00,175,0.0,No Info,4823
Jet Airways,2019-05-24,Kolkata,Banglore,20:25:00,14:25:00,1080,1.0,In-flight meal not included,10703
Jet Airways,2019-06-15,Delhi,Cochin,23:05:00,04:25:00,1760,2.0,No Info,15339
Jet Airways,2019-06-06,Delhi,Cochin,11:00:00,14:15:00,195,0.0,No Info,9564
Spicejet,2019-06-09,Chennai,Kolkata,17:45:00,20:05:00,140,0.0,No Info,3597
Jet Airways,2019-06-12,Kolkata,Banglore,14:05:00,04:40:00,875,1.0,In-flight meal not included,7594
Jet Airways,2019-05-09,Delhi,Cochin,19:15:00,19:00:00,1425,1.0,No Info,15554
Indigo,2019-06-27,Delhi,Cochin,10:35:00,21:00:00,625,1.0,No Info,5894
Indigo,2019-05-01,Kolkata,Banglore,15:15:00,20:05:00,290,1.0,No Info,4775
Indigo,2019-04-18,Kolkata,Banglore,09:35:00,12:20:00,165,0.0,No Info,5644
Multiple Carriers,2019-06-24,Delhi,Cochin,10:00:00,21:00:00,660,1.0,No Info,13587
Air Asia,2019-06-24,Delhi,Cochin,16:45:00,06:35:00,830,1.0,No Info,6752
Multiple Carriers,2019-06-06,Delhi,Cochin,07:05:00,21:00:00,835,1.0,No Info,13587
Indigo,2019-06-24,Delhi,Cochin,07:35:00,16:10:00,515,1.0,No Info,6442
Multiple Carriers,2019-05-18,Delhi,Cochin,14:00:00,21:00:00,420,1.0,No Info,13727
Spicejet,2019-05-12,Banglore,Delhi,09:30:00,12:20:00,170,0.0,No check-in baggage included,4319
Air India,2019-06-24,Delhi,Cochin,12:55:00,19:15:00,1820,2.0,No Info,12436
Vistara,2019-03-09,Banglore,New Delhi,11:30:00,14:10:00,160,0.0,No Info,9918
Air India,2019-05-27,Delhi,Cochin,03:50:00,19:15:00,925,1.0,No Info,9719
Vistara,2019-03-06,Mumbai,Hyderabad,15:40:00,22:55:00,435,1.0,No Info,12395
Air India,2019-06-12,Delhi,Cochin,13:05:00,09:25:00,1220,2.0,No Info,10975
Goair,2019-05-06,Delhi,Cochin,07:25:00,13:35:00,370,1.0,No Info,6296
Vistara,2019-06-12,Kolkata,Banglore,20:20:00,22:40:00,1580,1.0,No Info,7927
Jet Airways,2019-03-21,Banglore,New Delhi,09:45:00,15:55:00,370,1.0,In-flight meal not included,7280
Air Asia,2019-06-12,Delhi,Cochin,20:45:00,07:10:00,625,1.0,No Info,6152
Air Asia,2019-06-06,Kolkata,Banglore,06:50:00,10:30:00,220,1.0,No Info,6857
Indigo,2019-05-15,Delhi,Cochin,06:50:00,12:10:00,320,1.0,No Info,5298
Air India,2019-04-24,Banglore,Delhi,21:05:00,23:55:00,170,0.0,No Info,5228
Jet Airways,2019-05-21,Delhi,Cochin,19:15:00,04:25:00,550,1.0,No Info,16079
Multiple Carriers,2019-03-03,Delhi,Cochin,12:50:00,01:35:00,765,1.0,No Info,18192
Indigo,2019-06-24,Mumbai,Hyderabad,20:05:00,21:40:00,95,0.0,No Info,2227
Indigo,2019-05-01,Banglore,Delhi,18:25:00,21:20:00,175,0.0,No Info,4823
Jet Airways,2019-03-01,Banglore,New Delhi,22:50:00,20:20:00,1290,1.0,No Info,25735
Multiple Carriers,2019-05-21,Delhi,Cochin,17:00:00,01:30:00,510,1.0,No Info,7888
Air India,2019-03-03,Delhi,Cochin,17:15:00,19:15:00,1560,2.0,No Info,13442
Spicejet,2019-03-15,Mumbai,Hyderabad,13:10:00,14:30:00,80,0.0,No check-in baggage included,2385
Jet Airways,2019-04-01,Kolkata,Banglore,20:00:00,19:50:00,1430,1.0,In-flight meal not included,7064
Multiple Carriers,2019-05-09,Delhi,Cochin,09:00:00,19:00:00,600,1.0,No Info,10197
Indigo,2019-06-06,Chennai,Kolkata,14:45:00,17:05:00,140,0.0,No Info,3597
Indigo,2019-04-24,Kolkata,Banglore,21:25:00,00:05:00,160,0.0,No Info,4804
Jet Airways,2019-03-21,Banglore,New Delhi,08:55:00,16:10:00,435,1.0,In-flight meal not included,7832
Jet Airways,2019-05-01,Kolkata,Banglore,09:35:00,14:25:00,1730,1.0,In-flight meal not included,9314
Jet Airways,2019-06-24,Banglore,Delhi,15:15:00,18:10:00,175,0.0,In-flight meal not included,5769
Indigo,2019-05-15,Chennai,Kolkata,05:15:00,07:40:00,145,0.0,No Info,3540
Vistara,2019-03-24,Kolkata,Banglore,20:20:00,22:55:00,1595,1.0,No Info,11682
Indigo,2019-06-18,Banglore,Delhi,08:30:00,11:20:00,170,0.0,No Info,4823
Multiple Carriers,2019-03-21,Delhi,Cochin,10:45:00,19:15:00,510,1.0,No Info,7154
Spicejet,2019-06-27,Banglore,Delhi,05:55:00,08:35:00,160,0.0,No Info,3625
Multiple Carriers,2019-03-09,Delhi,Cochin,07:05:00,22:20:00,915,1.0,No Info,6916
Indigo,2019-04-01,Mumbai,Hyderabad,09:10:00,10:40:00,90,0.0,No Info,3342
Air India,2019-05-15,Kolkata,Banglore,16:45:00,08:55:00,970,2.0,No Info,14960
Air India,2019-05-03,Banglore,Delhi,10:00:00,12:45:00,165,0.0,No Info,6121
Indigo,2019-03-06,Delhi,Cochin,17:10:00,01:35:00,505,1.0,No Info,14871
Air India,2019-06-15,Delhi,Cochin,22:00:00,19:15:00,1275,2.0,No Info,10441
Jet Airways,2019-05-12,Kolkata,Banglore,06:30:00,04:40:00,1330,1.0,No Info,13941
Indigo,2019-06-09,Delhi,Cochin,06:50:00,16:10:00,560,1.0,No Info,6442
Spicejet,2019-04-01,Banglore,Delhi,05:55:00,08:35:00,160,0.0,No check-in baggage included,3919
Goair,2019-04-06,Delhi,Cochin,10:35:00,19:35:00,540,1.0,No Info,5135
Jet Airways,2019-05-24,Kolkata,Banglore,14:05:00,09:20:00,1155,1.0,No Info,14178
Jet Airways,2019-03-01,Banglore,New Delhi,08:00:00,13:15:00,315,1.0,No Info,22270
Indigo,2019-06-27,Banglore,Delhi,18:55:00,21:50:00,175,0.0,No Info,4990
Air India,2019-03-09,Delhi,Cochin,13:15:00,09:25:00,1210,2.0,No Info,11622
Jet Airways,2019-04-01,Kolkata,Banglore,20:00:00,20:45:00,1485,1.0,In-flight meal not included,7064
Jet Airways,2019-03-15,Banglore,New Delhi,05:50:00,12:20:00,390,1.0,In-flight meal not included,5853
Multiple Carriers,2019-05-21,Delhi,Cochin,07:00:00,21:00:00,840,1.0,No Info,7888
Spicejet,2019-06-18,Banglore,Delhi,21:10:00,00:05:00,175,0.0,No Info,3971
Jet Airways,2019-03-21,Delhi,Cochin,10:45:00,18:50:00,485,2.0,In-flight meal not included,8367
Multiple Carriers,2019-03-06,Delhi,Cochin,06:00:00,15:30:00,570,1.0,No Info,15147
Spicejet,2019-03-24,Banglore,New Delhi,09:35:00,12:30:00,175,0.0,No Info,6309
Multiple Carriers,2019-05-18,Delhi,Cochin,07:10:00,16:10:00,540,1.0,No Info,7038
Air India,2019-06-09,Banglore,Delhi,13:20:00,16:10:00,170,0.0,No Info,6961
Jet Airways,2019-06-09,Kolkata,Banglore,20:00:00,20:45:00,1485,1.0,In-flight meal not included,10844
Jet Airways,2019-05-06,Kolkata,Banglore,18:55:00,04:40:00,585,1.0,No Info,13941
Jet Airways,2019-06-06,Kolkata,Banglore,09:35:00,18:00:00,505,1.0,In-flight meal not included,10539
Air India,2019-03-01,Banglore,New Delhi,11:05:00,22:10:00,665,2.0,Change airports,13576
Air Asia,2019-06-21,Kolkata,Banglore,22:50:00,01:20:00,150,0.0,No Info,3807
Air India,2019-05-15,Kolkata,Banglore,16:45:00,21:05:00,1700,1.0,No Info,7452
Multiple Carriers,2019-05-21,Delhi,Cochin,10:00:00,19:00:00,540,1.0,No Info,10197
Multiple Carriers,2019-06-27,Delhi,Cochin,10:00:00,19:15:00,555,1.0,No Info,14848
Jet Airways,2019-06-09,Delhi,Cochin,11:00:00,14:15:00,195,0.0,No Info,9564
Indigo,2019-03-03,Delhi,Cochin,15:00:00,01:35:00,635,1.0,No Info,14871
Jet Airways,2019-03-01,Banglore,New Delhi,07:00:00,21:20:00,860,1.0,No Info,27992
Jet Airways,2019-03-12,Banglore,New Delhi,21:25:00,12:25:00,900,1.0,No Info,13817
Indigo,2019-04-09,Kolkata,Banglore,15:15:00,20:05:00,290,1.0,No Info,4268
Spicejet,2019-06-21,Mumbai,Hyderabad,05:45:00,07:15:00,90,0.0,No check-in baggage included,2647
Indigo,2019-03-03,Delhi,Cochin,08:35:00,21:20:00,765,2.0,No Info,8049
Indigo,2019-03-09,Banglore,New Delhi,10:30:00,13:20:00,170,0.0,No Info,6860
Indigo,2019-03-27,Delhi,Cochin,09:10:00,15:30:00,380,1.0,No Info,10141
Indigo,2019-04-27,Delhi,Cochin,02:00:00,07:25:00,325,1.0,No Info,5796
Indigo,2019-06-03,Delhi,Cochin,08:35:00,22:30:00,835,1.0,No Info,6442
Jet Airways,2019-06-09,Kolkata,Banglore,20:25:00,21:05:00,1480,1.0,In-flight meal not included,10539
Jet Airways,2019-05-06,Kolkata,Banglore,09:35:00,09:45:00,1450,1.0,No Info,10953
Jet Airways,2019-05-06,Kolkata,Banglore,20:25:00,15:05:00,1120,1.0,No Info,13067
Indigo,2019-06-24,Delhi,Cochin,09:15:00,01:30:00,975,1.0,No Info,6628
Air India,2019-05-15,Kolkata,Banglore,16:45:00,12:30:00,1185,2.0,No Info,14960
Air India,2019-03-12,Mumbai,Hyderabad,21:00:00,19:25:00,1345,1.0,No Info,10943
Jet Airways,2019-05-09,Kolkata,Banglore,20:25:00,09:45:00,800,1.0,In-flight meal not included,10703
Vistara,2019-06-12,Kolkata,Banglore,20:20:00,20:20:00,1440,1.0,No Info,8085
Vistara,2019-06-06,Kolkata,Banglore,20:20:00,23:25:00,1625,1.0,No Info,9345
Jet Airways,2019-05-18,Delhi,Cochin,10:00:00,19:00:00,540,1.0,No Info,15554
Air India,2019-05-15,Delhi,Cochin,20:30:00,23:00:00,1590,1.0,No Info,8907
Goair,2019-06-01,Banglore,Delhi,11:40:00,14:30:00,170,0.0,No Info,3898
Indigo,2019-06-09,Delhi,Cochin,06:40:00,21:00:00,860,1.0,No Info,6093
Jet Airways,2019-04-09,Banglore,Delhi,19:50:00,22:50:00,180,0.0,In-flight meal not included,4544
Air Asia,2019-04-15,Kolkata,Banglore,10:20:00,12:55:00,155,0.0,No Info,4409
Jet Airways,2019-06-27,Delhi,Cochin,05:30:00,12:35:00,425,2.0,No Info,14441
Jet Airways,2019-03-21,Banglore,New Delhi,11:40:00,07:40:00,1200,1.0,In-flight meal not included,7832
Spicejet,2019-04-09,Banglore,Delhi,21:10:00,00:05:00,175,0.0,No check-in baggage included,3919
Goair,2019-05-27,Banglore,Delhi,07:45:00,10:40:00,175,0.0,No Info,3419
Jet Airways,2019-06-06,Kolkata,Banglore,08:25:00,19:50:00,685,1.0,In-flight meal not included,10844
Multiple Carriers,2019-06-27,Delhi,Cochin,10:35:00,19:15:00,520,1.0,No Info,7155
Jet Airways,2019-06-06,Kolkata,Banglore,06:30:00,12:00:00,330,1.0,In-flight meal not included,10844
Indigo,2019-04-09,Banglore,Delhi,21:15:00,00:15:00,180,0.0,No Info,3943
Jet Airways,2019-05-12,Kolkata,Banglore,20:25:00,10:55:00,870,1.0,No Info,14151
Spicejet,2019-06-27,Mumbai,Hyderabad,13:15:00,14:45:00,90,0.0,No Info,2017
Jet Airways,2019-05-21,Kolkata,Banglore,20:00:00,12:00:00,960,1.0,In-flight meal not included,10844
Spicejet,2019-05-09,Kolkata,Banglore,15:05:00,20:20:00,315,1.0,No Info,4963
Jet Airways,2019-05-06,Kolkata,Banglore,16:30:00,19:50:00,1640,1.0,In-flight meal not included,9663
Air India,2019-05-15,Delhi,Cochin,05:10:00,08:00:00,170,0.0,No Info,6094
Jet Airways,2019-05-21,Delhi,Cochin,19:15:00,12:35:00,1040,1.0,In-flight meal not included,12898
Jet Airways,2019-05-18,Delhi,Cochin,09:40:00,19:00:00,560,2.0,In-flight meal not included,13029
Multiple Carriers,2019-03-27,Delhi,Cochin,06:00:00,15:30:00,570,1.0,No Info,7845
Multiple Carriers,2019-05-27,Delhi,Cochin,07:30:00,19:15:00,705,1.0,No Info,8837
Indigo,2019-05-12,Mumbai,Hyderabad,02:35:00,04:05:00,90,0.0,No Info,3175
Multiple Carriers,2019-05-27,Delhi,Cochin,13:00:00,01:30:00,750,1.0,In-flight meal not included,6943
Multiple Carriers,2019-03-27,Delhi,Cochin,07:05:00,16:10:00,545,1.0,No Info,6076
Spicejet,2019-06-09,Kolkata,Banglore,08:35:00,17:15:00,520,1.0,No Info,6853
Indigo,2019-03-21,Delhi,Cochin,09:10:00,15:30:00,380,1.0,No Info,9709
Indigo,2019-05-27,Banglore,Delhi,18:25:00,21:20:00,175,0.0,No Info,4823
Multiple Carriers,2019-06-03,Delhi,Cochin,07:00:00,21:00:00,840,1.0,No Info,7618
Indigo,2019-03-27,Mumbai,Hyderabad,12:00:00,13:25:00,85,0.0,No Info,2754
Vistara,2019-03-24,Banglore,New Delhi,19:40:00,22:20:00,160,0.0,No Info,4563
Jet Airways,2019-05-12,Kolkata,Banglore,14:05:00,20:45:00,400,1.0,In-flight meal not included,10844
Air India,2019-03-15,Banglore,New Delhi,11:50:00,13:00:00,1510,1.0,No Info,8032
Indigo,2019-05-18,Kolkata,Banglore,19:20:00,23:45:00,265,1.0,No Info,3717
Jet Airways,2019-05-27,Delhi,Cochin,13:00:00,04:25:00,925,1.0,In-flight meal not included,12898
Indigo,2019-03-09,Delhi,Cochin,04:45:00,21:00:00,975,1.0,No Info,10518
Air India,2019-06-09,Kolkata,Banglore,09:25:00,05:35:00,1210,2.0,No Info,11642
Spicejet,2019-06-03,Banglore,Delhi,21:10:00,00:05:00,175,0.0,No Info,3311
Air India,2019-05-24,Kolkata,Banglore,09:25:00,13:45:00,1700,2.0,No Info,12592
Air Asia,2019-04-01,Kolkata,Banglore,22:40:00,10:40:00,720,1.0,No Info,5192
Jet Airways,2019-06-12,Banglore,Delhi,15:15:00,18:10:00,175,0.0,In-flight meal not included,5769
Jet Airways,2019-06-09,Delhi,Cochin,21:50:00,12:35:00,885,1.0,In-flight meal not included,10262
Air Asia,2019-04-21,Banglore,Delhi,23:55:00,02:45:00,170,0.0,No Info,4483
Air India,2019-05-18,Delhi,Cochin,21:00:00,07:40:00,640,1.0,No Info,8372
Multiple Carriers,2019-06-09,Delhi,Cochin,17:50:00,01:30:00,460,2.0,No Info,18485
Jet Airways,2019-05-24,Kolkata,Banglore,20:25:00,23:35:00,1630,1.0,No Info,14151
Indigo,2019-03-06,Delhi,Cochin,07:30:00,15:30:00,480,1.0,No Info,14871
Multiple Carriers,2019-03-03,Delhi,Cochin,07:30:00,18:50:00,680,1.0,No Info,15135
Air India,2019-03-03,Delhi,Cochin,07:05:00,09:25:00,1580,2.0,No Info,9400
Air India,2019-03-12,Mumbai,Hyderabad,09:15:00,09:15:00,1440,1.0,No Info,8065
Indigo,2019-03-09,Banglore,New Delhi,19:30:00,00:40:00,310,1.0,No Info,7280
Jet Airways,2019-03-12,Banglore,New Delhi,22:55:00,11:25:00,750,1.0,No Info,13817
Air India,2019-05-21,Delhi,Cochin,17:40:00,08:15:00,875,1.0,No Info,8151
Jet Airways,2019-03-06,Mumbai,Hyderabad,17:15:00,16:50:00,1415,2.0,No Info,22950
Air India,2019-05-21,Delhi,Cochin,18:05:00,21:10:00,185,0.0,No Info,6094
Jet Airways,2019-06-09,Kolkata,Banglore,18:55:00,04:40:00,585,1.0,In-flight meal not included,9663
Jet Airways,2019-05-01,Kolkata,Banglore,21:10:00,08:15:00,665,1.0,In-flight meal not included,10844
Spicejet,2019-03-21,Delhi,Cochin,08:45:00,13:15:00,270,1.0,No check-in baggage included,6356
Jet Airways,2019-06-06,Kolkata,Banglore,20:00:00,04:40:00,520,1.0,No Info,13731
Spicejet,2019-03-09,Banglore,New Delhi,20:30:00,23:20:00,170,0.0,No Info,5126
Jet Airways,2019-03-27,Delhi,Cochin,23:05:00,19:45:00,1240,1.0,In-flight meal not included,7438
Air India,2019-06-09,Delhi,Cochin,05:15:00,06:50:00,1535,1.0,No Info,6587
Air Asia,2019-03-09,Banglore,New Delhi,05:50:00,08:40:00,170,0.0,No Info,7652
Spicejet,2019-05-21,Mumbai,Hyderabad,22:45:00,00:15:00,90,0.0,No check-in baggage included,1965
Indigo,2019-03-09,Banglore,New Delhi,12:05:00,17:05:00,300,1.0,No Info,4588
Goair,2019-06-12,Delhi,Cochin,10:35:00,19:35:00,540,1.0,No Info,4959
Jet Airways,2019-06-09,Delhi,Cochin,11:45:00,04:25:00,1000,2.0,No Info,13882
Jet Airways,2019-05-06,Kolkata,Banglore,06:30:00,16:20:00,590,1.0,In-flight meal not included,10844
Indigo,2019-03-24,Chennai,Kolkata,05:15:00,07:35:00,140,0.0,No Info,4326
Jet Airways,2019-03-27,Delhi,Cochin,17:30:00,19:45:00,1575,1.0,In-flight meal not included,5406
Indigo,2019-06-12,Kolkata,Banglore,19:20:00,23:45:00,265,1.0,No Info,3574
Jet Airways,2019-03-09,Banglore,New Delhi,07:00:00,09:30:00,1590,1.0,In-flight meal not included,11087
Jet Airways,2019-05-09,Delhi,Cochin,21:50:00,19:00:00,1270,1.0,No Info,15554
Jet Airways,2019-05-18,Delhi,Cochin,17:30:00,04:25:00,655,1.0,In-flight meal not included,12373
Indigo,2019-05-21,Banglore,Delhi,10:10:00,13:00:00,170,0.0,No Info,3943
Vistara,2019-05-09,Kolkata,Banglore,20:20:00,10:45:00,865,1.0,No Info,8452
Indigo,2019-05-06,Kolkata,Banglore,11:30:00,14:05:00,155,0.0,No Info,5224
Air India,2019-06-03,Kolkata,Banglore,14:15:00,16:45:00,150,0.0,No Info,5510
Air India,2019-04-03,Banglore,Delhi,10:00:00,12:45:00,165,0.0,No Info,5176
Jet Airways,2019-06-01,Delhi,Cochin,13:00:00,19:00:00,360,1.0,In-flight meal not included,10262
Multiple Carriers,2019-03-09,Delhi,Cochin,08:40:00,21:00:00,740,1.0,No Info,18228
Air India,2019-06-24,Delhi,Cochin,16:55:00,19:15:00,1580,2.0,No Info,13381
Spicejet,2019-06-06,Delhi,Cochin,08:45:00,13:15:00,270,1.0,No check-in baggage included,5158
Jet Airways,2019-06-06,Banglore,Delhi,19:50:00,22:50:00,180,0.0,In-flight meal not included,7229
Air India,2019-03-12,Mumbai,Hyderabad,19:40:00,09:10:00,810,1.0,No Info,10208
Indigo,2019-03-21,Kolkata,Banglore,05:30:00,08:20:00,170,0.0,No Info,4148
Air India,2019-03-09,Delhi,Cochin,10:55:00,19:15:00,1940,2.0,No Info,17476
Indigo,2019-04-27,Kolkata,Banglore,14:25:00,16:55:00,150,0.0,No Info,4804
Jet Airways,2019-03-24,Banglore,New Delhi,19:55:00,22:35:00,160,0.0,No Info,7229
Jet Airways,2019-06-09,Mumbai,Hyderabad,10:20:00,11:50:00,90,0.0,No Info,5678
Spicejet,2019-05-27,Mumbai,Hyderabad,22:45:00,00:15:00,90,0.0,No check-in baggage included,1965
Jet Airways,2019-06-12,Delhi,Cochin,20:55:00,04:25:00,450,1.0,No Info,14714
Indigo,2019-03-03,Kolkata,Banglore,05:30:00,08:20:00,170,0.0,No Info,4778
Jet Airways,2019-03-15,Banglore,New Delhi,21:25:00,05:05:00,460,1.0,No Info,27210
Air India,2019-06-27,Delhi,Cochin,13:30:00,23:00:00,570,1.0,No Info,8907
Indigo,2019-06-27,Delhi,Cochin,14:25:00,17:40:00,195,0.0,No Info,5000
Jet Airways,2019-04-09,Banglore,Delhi,19:50:00,22:50:00,180,0.0,No Info,7229
Jet Airways,2019-05-06,Kolkata,Banglore,16:30:00,04:40:00,730,1.0,In-flight meal not included,8586
Indigo,2019-03-03,Delhi,Cochin,02:05:00,07:25:00,320,1.0,No Info,10394
Multiple Carriers,2019-05-09,Delhi,Cochin,08:30:00,19:15:00,645,1.0,No Info,8099
Spicejet,2019-03-18,Banglore,New Delhi,20:30:00,23:20:00,170,0.0,No check-in baggage included,4273
Jet Airways,2019-04-01,Mumbai,Hyderabad,19:35:00,21:05:00,90,0.0,No Info,5678
Air India,2019-03-15,Banglore,New Delhi,06:55:00,23:20:00,985,1.0,No Info,6987
Air India,2019-06-03,Delhi,Cochin,06:50:00,07:40:00,1490,2.0,No Info,13381
Air India,2019-05-12,Kolkata,Banglore,20:30:00,16:15:00,1185,1.0,No Info,10203
Jet Airways,2019-03-18,Banglore,New Delhi,08:55:00,15:55:00,420,2.0,No Info,16338
Jet Airways,2019-06-09,Kolkata,Banglore,18:55:00,04:40:00,585,1.0,No Info,14178
Indigo,2019-03-06,Delhi,Cochin,16:00:00,01:35:00,575,1.0,No Info,14871
Jet Airways,2019-04-09,Banglore,Delhi,11:10:00,14:05:00,175,0.0,In-flight meal not included,4544
Indigo,2019-06-03,Banglore,Delhi,23:30:00,02:20:00,170,0.0,No Info,4591
Jet Airways,2019-05-12,Banglore,Delhi,17:45:00,20:45:00,180,0.0,No Info,7229
Air India,2019-06-09,Delhi,Cochin,18:45:00,19:15:00,1470,2.0,No Info,12257
Multiple Carriers,2019-06-03,Delhi,Cochin,11:25:00,19:15:00,470,1.0,No Info,7354
Jet Airways,2019-06-12,Mumbai,Hyderabad,02:55:00,04:20:00,85,0.0,No Info,5678
Jet Airways,2019-06-27,Delhi,Cochin,14:00:00,19:00:00,300,1.0,In-flight meal not included,10262
Multiple Carriers,2019-03-27,Delhi,Cochin,17:00:00,01:35:00,515,1.0,No Info,6673
Jet Airways,2019-06-27,Delhi,Cochin,11:00:00,14:15:00,195,0.0,In-flight meal not included,7202
Indigo,2019-06-21,Kolkata,Banglore,14:25:00,16:55:00,150,0.0,No Info,5224
Jet Airways,2019-05-27,Delhi,Cochin,11:30:00,04:25:00,1015,1.0,In-flight meal not included,12898
Multiple Carriers,2019-03-21,Delhi,Cochin,09:10:00,19:15:00,605,1.0,No Info,8601
Jet Airways,2019-06-09,Delhi,Cochin,22:50:00,04:25:00,335,1.0,No Info,14714
Air India,2019-06-24,Banglore,Delhi,06:10:00,08:55:00,165,0.0,No Info,6961
Air Asia,2019-06-15,Kolkata,Banglore,22:50:00,01:20:00,150,0.0,No Info,3807
Jet Airways,2019-05-24,Kolkata,Banglore,14:05:00,19:50:00,345,1.0,No Info,14571
Spicejet,2019-03-15,Mumbai,Hyderabad,22:45:00,00:10:00,85,0.0,No Info,2753
Air India,2019-03-06,Delhi,Cochin,20:30:00,08:15:00,705,1.0,No Info,10566
Air India,2019-05-15,Delhi,Cochin,10:00:00,19:15:00,555,1.0,No Info,8372
Jet Airways,2019-05-18,Kolkata,Banglore,09:35:00,10:55:00,1520,1.0,No Info,14151
Multiple Carriers,2019-06-15,Delhi,Cochin,12:50:00,21:00:00,490,1.0,No Info,7005
Vistara,2019-06-15,Banglore,Delhi,07:00:00,09:40:00,160,0.0,No Info,4878
Multiple Carriers,2019-03-27,Delhi,Cochin,07:05:00,15:30:00,505,1.0,No Info,12537
Multiple Carriers,2019-06-24,Delhi,Cochin,13:00:00,01:30:00,750,1.0,No Info,7198
Multiple Carriers,2019-05-27,Delhi,Cochin,13:00:00,21:00:00,480,1.0,No Info,13587
Jet Airways,2019-06-09,Banglore,Delhi,18:55:00,22:00:00,185,0.0,No Info,8016
Air India,2019-05-01,Kolkata,Banglore,09:50:00,08:55:00,1385,2.0,No Info,13227
Jet Airways,2019-05-18,Kolkata,Banglore,20:25:00,19:10:00,1365,1.0,No Info,14151
Jet Airways,2019-06-24,Delhi,Cochin,05:30:00,04:25:00,1375,2.0,No Info,13014
Jet Airways,2019-06-12,Kolkata,Banglore,20:00:00,04:40:00,520,1.0,No Info,12576
Jet Airways,2019-05-09,Delhi,Cochin,09:40:00,19:00:00,560,2.0,In-flight meal not included,13029
Multiple Carriers,2019-03-21,Delhi,Cochin,10:00:00,19:15:00,555,1.0,In-flight meal not included,8401
Jet Airways,2019-05-09,Mumbai,Hyderabad,02:55:00,04:20:00,85,0.0,In-flight meal not included,3210
Air India,2019-06-12,Kolkata,Banglore,09:50:00,08:55:00,1385,2.0,No Info,14960
Indigo,2019-06-12,Mumbai,Hyderabad,20:05:00,21:40:00,95,0.0,No Info,2227
Multiple Carriers,2019-06-27,Delhi,Cochin,10:20:00,01:30:00,910,1.0,No Info,6270
Jet Airways,2019-03-18,Banglore,New Delhi,22:50:00,09:30:00,640,1.0,No Info,13555
Spicejet,2019-05-18,Banglore,Delhi,21:10:00,00:05:00,175,0.0,No check-in baggage included,3919
Indigo,2019-06-27,Banglore,Delhi,18:25:00,21:20:00,175,0.0,No Info,4823
Jet Airways,2019-06-12,Kolkata,Banglore,08:25:00,10:05:00,1540,1.0,In-flight meal not included,8529
Air India,2019-06-06,Delhi,Cochin,13:30:00,23:00:00,570,1.0,No Info,8907
Air India,2019-03-01,Banglore,New Delhi,10:30:00,22:55:00,745,1.0,No Info,11003
Jet Airways,2019-06-24,Delhi,Cochin,21:25:00,19:00:00,1295,2.0,No Info,13292
Jet Airways,2019-03-27,Delhi,Cochin,06:20:00,19:45:00,2245,2.0,In-flight meal not included,9296
Multiple Carriers,2019-06-27,Delhi,Cochin,07:05:00,16:10:00,545,1.0,No Info,9646
Air India,2019-03-15,Banglore,New Delhi,22:00:00,23:20:00,1520,1.0,No Info,6850
Indigo,2019-06-01,Delhi,Cochin,16:00:00,21:00:00,300,1.0,No Info,6593
Air Asia,2019-03-24,Banglore,New Delhi,05:50:00,08:40:00,170,0.0,No Info,3383
Jet Airways,2019-05-21,Delhi,Cochin,17:30:00,04:25:00,655,1.0,In-flight meal not included,12898
Indigo,2019-03-03,Delhi,Cochin,17:30:00,01:35:00,485,1.0,No Info,14871
Multiple Carriers,2019-06-03,Delhi,Cochin,11:40:00,01:30:00,830,1.0,No Info,7530
Air India,2019-05-01,Kolkata,Banglore,14:35:00,14:35:00,1440,1.0,No Info,7001
Air India,2019-03-27,Delhi,Cochin,05:00:00,19:15:00,2295,2.0,No Info,8026
Multiple Carriers,2019-05-09,Delhi,Cochin,10:00:00,19:15:00,555,1.0,No Info,14323
Air India,2019-03-27,Delhi,Cochin,17:15:00,07:40:00,865,2.0,No Info,8367
Air India,2019-04-06,Delhi,Cochin,20:40:00,09:25:00,765,1.0,No Info,5117
Vistara,2019-03-27,Chennai,Kolkata,07:05:00,09:20:00,135,0.0,No Info,3739
Air India,2019-03-21,Delhi,Cochin,07:00:00,19:15:00,735,1.0,No Info,7934
Air India,2019-05-18,Chennai,Kolkata,11:40:00,13:55:00,135,0.0,No Info,4667
Jet Airways,2019-05-24,Kolkata,Banglore,18:55:00,18:15:00,1400,1.0,In-flight meal not included,10844
Jet Airways,2019-05-18,Delhi,Cochin,17:30:00,12:35:00,1145,1.0,In-flight meal not included,12373
Multiple Carriers,2019-06-24,Delhi,Cochin,08:45:00,19:00:00,615,1.0,No Info,12524
Air India,2019-05-12,Kolkata,Banglore,05:50:00,20:25:00,875,2.0,No Info,12513
Jet Airways,2019-06-03,Delhi,Cochin,19:45:00,19:00:00,1395,1.0,No Info,14714
Indigo,2019-06-15,Delhi,Cochin,17:30:00,01:30:00,480,1.0,No Info,5883
Multiple Carriers,2019-05-21,Delhi,Cochin,14:55:00,00:55:00,600,1.0,No Info,6878
Indigo,2019-06-15,Delhi,Cochin,11:55:00,22:30:00,635,1.0,No Info,6442
Indigo,2019-04-12,Kolkata,Banglore,04:40:00,07:15:00,155,0.0,No Info,4174
Jet Airways,2019-05-21,Kolkata,Banglore,20:00:00,22:35:00,1595,1.0,In-flight meal not included,10844
Indigo,2019-06-24,Mumbai,Hyderabad,12:00:00,13:30:00,90,0.0,No Info,2754
Air India,2019-06-09,Kolkata,Banglore,05:50:00,23:15:00,1045,2.0,No Info,12723
Jet Airways,2019-05-09,Delhi,Cochin,17:30:00,19:00:00,1530,1.0,No Info,15554
Air Asia,2019-03-24,Kolkata,Banglore,07:35:00,19:25:00,710,1.0,No Info,6785
Jet Airways,2019-06-24,Banglore,Delhi,11:10:00,14:05:00,175,0.0,In-flight meal not included,5769
Air India,2019-05-18,Delhi,Cochin,22:00:00,19:15:00,1275,2.0,No Info,11228
Air India,2019-06-12,Kolkata,Banglore,09:10:00,13:15:00,245,1.0,No Info,8996
Indigo,2019-05-18,Kolkata,Banglore,21:25:00,00:05:00,160,0.0,No Info,4804
Air Asia,2019-05-18,Kolkata,Banglore,19:55:00,22:25:00,150,0.0,No Info,5989
Jet Airways,2019-03-01,Banglore,New Delhi,19:55:00,22:35:00,160,0.0,No Info,18308
Indigo,2019-04-27,Banglore,Delhi,18:25:00,21:20:00,175,0.0,No Info,4823
Air Asia,2019-03-24,Banglore,New Delhi,11:10:00,13:55:00,165,0.0,No Info,3383
Indigo,2019-06-09,Delhi,Cochin,17:10:00,01:30:00,500,1.0,No Info,6206
Air India,2019-05-21,Kolkata,Banglore,14:15:00,16:45:00,150,0.0,No Info,5510
Spicejet,2019-03-24,Banglore,New Delhi,20:30:00,23:20:00,170,0.0,No check-in baggage included,3873
Indigo,2019-06-06,Mumbai,Hyderabad,19:05:00,20:35:00,90,0.0,No Info,2754
Jet Airways,2019-05-15,Banglore,Delhi,11:10:00,14:05:00,175,0.0,No Info,7229
Indigo,2019-06-03,Kolkata,Banglore,09:35:00,12:10:00,155,0.0,No Info,4804
Air India,2019-06-27,Mumbai,Hyderabad,13:55:00,15:25:00,90,0.0,No Info,3100
Air India,2019-05-01,Kolkata,Banglore,10:00:00,20:25:00,625,1.0,No Info,10203
Air India,2019-03-21,Delhi,Cochin,09:45:00,23:00:00,795,1.0,No Info,5704
Jet Airways,2019-05-18,Delhi,Cochin,09:00:00,12:35:00,1655,1.0,In-flight meal not included,12373
Indigo,2019-05-21,Mumbai,Hyderabad,21:20:00,22:50:00,90,0.0,No Info,2227
Indigo,2019-06-01,Delhi,Cochin,21:50:00,03:35:00,345,1.0,No Info,8238
Jet Airways,2019-06-09,Kolkata,Banglore,06:30:00,04:40:00,1330,1.0,In-flight meal not included,9663
Indigo,2019-05-15,Delhi,Cochin,16:00:00,21:00:00,300,1.0,No Info,6069
Jet Airways,2019-05-01,Kolkata,Banglore,06:30:00,08:15:00,1545,1.0,In-flight meal not included,9663
Air India,2019-06-27,Delhi,Cochin,09:45:00,09:25:00,1420,2.0,No Info,10975
Jet Airways,2019-06-27,Banglore,Delhi,18:55:00,22:00:00,185,0.0,In-flight meal not included,7229
Air India,2019-06-09,Kolkata,Banglore,19:00:00,11:05:00,965,1.0,No Info,6327
Jet Airways,2019-06-03,Delhi,Cochin,14:35:00,12:35:00,1320,2.0,In-flight meal not included,10919
Multiple Carriers,2019-06-09,Delhi,Cochin,10:20:00,19:00:00,520,1.0,No Info,11789
Multiple Carriers,2019-05-09,Delhi,Cochin,10:20:00,01:30:00,910,1.0,No Info,9021
Jet Airways,2019-03-21,Banglore,New Delhi,14:05:00,20:20:00,375,1.0,In-flight meal not included,7832
Air India,2019-05-01,Kolkata,Banglore,09:25:00,13:45:00,1700,2.0,No Info,15532
Air India,2019-05-24,Kolkata,Banglore,12:00:00,21:50:00,590,2.0,No Info,9941
Air India,2019-03-09,Delhi,Cochin,08:00:00,19:15:00,675,1.0,No Info,16754
Spicejet,2019-04-01,Delhi,Cochin,17:55:00,22:50:00,295,1.0,No Info,4957
Multiple Carriers,2019-05-15,Delhi,Cochin,10:00:00,21:00:00,660,1.0,No Info,8073
Vistara,2019-04-01,Kolkata,Banglore,17:00:00,20:20:00,1640,1.0,No Info,9135
Air India,2019-06-06,Kolkata,Banglore,08:20:00,07:55:00,1415,2.0,No Info,10697
Jet Airways,2019-03-15,Banglore,New Delhi,05:45:00,13:15:00,450,1.0,In-flight meal not included,9134
Jet Airways,2019-06-09,Delhi,Cochin,14:35:00,12:35:00,1320,2.0,No Info,13376
Jet Airways,2019-04-01,Kolkata,Banglore,21:10:00,04:40:00,450,1.0,No Info,13364
Indigo,2019-06-12,Kolkata,Banglore,15:30:00,18:05:00,155,0.0,No Info,4804
Air India,2019-06-01,Delhi,Cochin,06:50:00,07:40:00,1490,2.0,No Info,15481
Jet Airways,2019-05-09,Kolkata,Banglore,21:10:00,04:40:00,450,1.0,No Info,14388
Multiple Carriers,2019-05-21,Delhi,Cochin,19:00:00,01:30:00,390,1.0,No Info,7485
Jet Airways,2019-03-21,Mumbai,Hyderabad,19:35:00,21:05:00,90,0.0,No Info,5678
Air India,2019-03-01,Banglore,New Delhi,11:50:00,13:00:00,1510,1.0,1 Long layover,15434
Indigo,2019-03-15,Banglore,New Delhi,22:20:00,01:10:00,170,0.0,No Info,8855
Indigo,2019-04-06,Banglore,Delhi,23:30:00,02:20:00,170,0.0,No Info,4591
Jet Airways,2019-03-06,Banglore,New Delhi,21:25:00,10:25:00,780,1.0,No Info,17261
Multiple Carriers,2019-03-03,Delhi,Cochin,13:00:00,21:00:00,480,1.0,No Info,17493
Jet Airways,2019-06-12,Delhi,Cochin,05:30:00,12:35:00,425,2.0,In-flight meal not included,13344
Indigo,2019-06-24,Mumbai,Hyderabad,01:40:00,03:10:00,90,0.0,No Info,2754
Jet Airways,2019-03-01,Mumbai,Hyderabad,07:10:00,08:35:00,85,0.0,No Info,17501
Jet Airways,2019-03-15,Banglore,New Delhi,09:45:00,14:25:00,280,1.0,In-flight meal not included,6136
Spicejet,2019-04-15,Banglore,Delhi,09:30:00,12:20:00,170,0.0,No Info,4423
Jet Airways,2019-05-09,Kolkata,Banglore,16:30:00,23:35:00,425,1.0,No Info,14781
Air Asia,2019-05-15,Kolkata,Banglore,15:10:00,23:30:00,500,2.0,No Info,5192
Jet Airways,2019-05-12,Kolkata,Banglore,06:30:00,16:20:00,590,1.0,In-flight meal not included,10844
Indigo,2019-06-12,Delhi,Cochin,08:35:00,22:30:00,835,1.0,No Info,6442
Jet Airways,2019-06-15,Delhi,Cochin,14:00:00,19:00:00,300,1.0,No Info,14714
Indigo,2019-05-15,Kolkata,Banglore,18:05:00,23:30:00,325,1.0,No Info,6218
Air India,2019-05-06,Kolkata,Banglore,14:35:00,15:20:00,1485,1.0,No Info,6528
Indigo,2019-06-12,Mumbai,Hyderabad,01:40:00,03:10:00,90,0.0,No Info,2754
Jet Airways,2019-05-12,Kolkata,Banglore,16:30:00,23:35:00,425,1.0,No Info,14781
Indigo,2019-05-03,Kolkata,Banglore,20:20:00,22:55:00,155,0.0,No Info,4804
Indigo,2019-06-01,Chennai,Kolkata,22:05:00,00:25:00,140,0.0,No Info,5277
Jet Airways,2019-06-01,Delhi,Cochin,19:45:00,12:35:00,1010,1.0,In-flight meal not included,10262
Jet Airways,2019-06-15,Delhi,Cochin,12:15:00,12:35:00,1460,2.0,No Info,14300
Jet Airways,2019-06-09,Delhi,Cochin,09:40:00,04:25:00,1125,2.0,No Info,13014
Jet Airways,2019-05-06,Kolkata,Banglore,17:00:00,19:10:00,1570,1.0,No Info,13067
Air Asia,2019-05-24,Banglore,Delhi,11:10:00,13:55:00,165,0.0,No Info,3383
Air India,2019-03-06,Delhi,Cochin,21:30:00,19:15:00,1305,2.0,No Info,11552
Jet Airways,2019-03-18,Banglore,New Delhi,08:55:00,19:10:00,615,1.0,No Info,13555
Indigo,2019-06-01,Chennai,Kolkata,14:45:00,17:05:00,140,0.0,No Info,3597
Indigo,2019-03-03,Delhi,Cochin,11:30:00,21:00:00,570,1.0,No Info,14871
Air India,2019-05-12,Kolkata,Banglore,09:25:00,21:50:00,745,1.0,No Info,8891
Jet Airways,2019-05-09,Kolkata,Banglore,08:25:00,20:45:00,740,1.0,No Info,14781
Air India,2019-05-18,Delhi,Cochin,20:15:00,19:15:00,1380,2.0,No Info,13591
Air India,2019-06-06,Delhi,Cochin,09:45:00,09:25:00,1420,1.0,No Info,7952
Jet Airways,2019-03-24,Kolkata,Banglore,16:55:00,23:25:00,390,1.0,In-flight meal not included,11134
Indigo,2019-03-27,Chennai,Kolkata,11:35:00,14:00:00,145,0.0,No Info,3858
Air India,2019-05-24,Kolkata,Banglore,17:30:00,20:25:00,1615,1.0,No Info,10623
Multiple Carriers,2019-06-12,Delhi,Cochin,07:10:00,16:10:00,540,1.0,No Info,6513
Jet Airways,2019-03-18,Banglore,New Delhi,05:45:00,13:15:00,450,1.0,No Info,12284
Indigo,2019-03-06,Kolkata,Banglore,21:25:00,00:05:00,160,0.0,No Info,4778
Multiple Carriers,2019-06-12,Delhi,Cochin,15:15:00,01:30:00,615,1.0,No Info,6795
Jet Airways,2019-06-12,Delhi,Cochin,05:30:00,04:25:00,1375,2.0,No Info,13014
Air India,2019-04-03,Mumbai,Hyderabad,06:20:00,07:40:00,80,0.0,No Info,3100
Jet Airways,2019-05-24,Kolkata,Banglore,09:35:00,18:00:00,505,1.0,No Info,14151
Indigo,2019-05-12,Kolkata,Banglore,04:40:00,07:15:00,155,0.0,No Info,4804
Indigo,2019-05-18,Chennai,Kolkata,15:40:00,18:25:00,165,0.0,No Info,3850
Indigo,2019-04-03,Banglore,Delhi,08:30:00,11:20:00,170,0.0,No Info,4823
Air India,2019-06-15,Delhi,Cochin,13:15:00,09:25:00,1210,2.0,No Info,8839
Indigo,2019-03-27,Chennai,Kolkata,07:55:00,10:15:00,140,0.0,No Info,3384
Multiple Carriers,2019-05-27,Delhi,Cochin,11:40:00,01:30:00,830,1.0,No Info,6795
Indigo,2019-06-03,Banglore,Delhi,22:10:00,01:00:00,170,0.0,No Info,3359
Jet Airways,2019-03-18,Banglore,New Delhi,21:25:00,09:30:00,725,1.0,No Info,13555
Air India,2019-06-03,Delhi,Cochin,16:55:00,19:15:00,1580,2.0,No Info,13381
Jet Airways,2019-06-15,Delhi,Cochin,19:30:00,12:35:00,1025,2.0,No Info,13014
Indigo,2019-04-24,Kolkata,Banglore,20:20:00,22:55:00,155,0.0,No Info,4804
Jet Airways,2019-03-21,Delhi,Cochin,09:40:00,04:25:00,2565,2.0,No Info,12819
Spicejet,2019-05-24,Chennai,Kolkata,08:20:00,10:35:00,135,0.0,No check-in baggage included,3543
Jet Airways,2019-05-21,Delhi,Cochin,09:40:00,19:00:00,560,2.0,In-flight meal not included,13029
Multiple Carriers,2019-06-09,Delhi,Cochin,19:00:00,01:30:00,390,1.0,No Info,7408
Jet Airways,2019-03-21,Banglore,New Delhi,16:55:00,10:25:00,1050,1.0,In-flight meal not included,7832
Indigo,2019-03-21,Delhi,Cochin,02:35:00,08:30:00,355,1.0,No Info,8470
Indigo,2019-03-09,Kolkata,Banglore,14:20:00,16:55:00,155,0.0,No Info,4148
Indigo,2019-05-15,Delhi,Cochin,15:00:00,01:30:00,630,1.0,No Info,7191
Indigo,2019-05-09,Kolkata,Banglore,15:15:00,20:30:00,315,1.0,No Info,4565
Jet Airways,2019-06-24,Banglore,Delhi,15:15:00,18:10:00,175,0.0,No Info,8016
Multiple Carriers,2019-06-12,Delhi,Cochin,13:00:00,01:30:00,750,1.0,No Info,13377
Jet Airways,2019-06-15,Delhi,Cochin,22:50:00,19:00:00,1210,1.0,In-flight meal not included,10262
Indigo,2019-04-03,Banglore,Delhi,18:55:00,21:50:00,175,0.0,No Info,4823
Indigo,2019-04-12,Kolkata,Banglore,15:30:00,18:05:00,155,0.0,No Info,4174
Vistara,2019-06-24,Chennai,Kolkata,17:45:00,20:05:00,140,0.0,No Info,11982
Air India,2019-06-09,Banglore,Delhi,10:00:00,12:45:00,165,0.0,No Info,6961
Jet Airways,2019-06-09,Mumbai,Hyderabad,02:55:00,04:20:00,85,0.0,In-flight meal not included,4050
Jet Airways,2019-06-12,Kolkata,Banglore,21:10:00,10:05:00,775,1.0,No Info,13044
Jet Airways,2019-05-21,Kolkata,Banglore,20:00:00,12:00:00,960,1.0,No Info,14781
Indigo,2019-05-15,Delhi,Cochin,08:35:00,16:10:00,455,1.0,No Info,6442
Jet Airways,2019-05-09,Delhi,Cochin,18:15:00,19:00:00,1485,1.0,No Info,15554
Jet Airways,2019-06-15,Banglore,Delhi,19:50:00,22:50:00,180,0.0,No Info,8016
Spicejet,2019-06-06,Chennai,Kolkata,08:20:00,10:35:00,135,0.0,No Info,3597
Jet Airways,2019-06-03,Delhi,Cochin,08:00:00,19:00:00,660,1.0,In-flight meal not included,10577
Multiple Carriers,2019-06-09,Delhi,Cochin,11:35:00,01:30:00,835,3.0,No Info,15419
Vistara,2019-06-12,Kolkata,Banglore,20:20:00,10:45:00,865,1.0,No Info,8452
Air India,2019-03-06,Delhi,Cochin,05:10:00,08:00:00,170,0.0,No Info,6881
Jet Airways,2019-05-06,Kolkata,Banglore,16:30:00,09:20:00,1010,1.0,In-flight meal not included,9663
Air India,2019-06-15,Delhi,Cochin,06:05:00,09:25:00,1640,1.0,No Info,7480
Air Asia,2019-06-27,Kolkata,Banglore,22:50:00,01:20:00,150,0.0,No Info,3807
Air India,2019-05-18,Kolkata,Banglore,08:20:00,20:25:00,725,2.0,No Info,12534
Indigo,2019-03-27,Delhi,Cochin,04:45:00,15:30:00,645,1.0,No Info,7048
Air India,2019-03-24,Mumbai,Hyderabad,21:05:00,22:25:00,80,0.0,No Info,2575
Multiple Carriers,2019-06-03,Delhi,Cochin,07:05:00,16:10:00,545,1.0,No Info,10696
Air Asia,2019-06-01,Delhi,Cochin,07:55:00,22:25:00,870,1.0,No Info,8759
Multiple Carriers,2019-03-21,Delhi,Cochin,19:00:00,01:35:00,395,1.0,No Info,10885
Multiple Carriers,2019-06-06,Delhi,Cochin,04:55:00,19:00:00,845,1.0,No Info,10678
Jet Airways,2019-03-18,Banglore,New Delhi,05:45:00,10:25:00,280,1.0,No Info,12284
Jet Airways,2019-06-03,Delhi,Cochin,20:55:00,19:00:00,1325,1.0,No Info,14714
Indigo,2019-06-06,Delhi,Cochin,07:35:00,12:10:00,275,1.0,No Info,5458
Air India,2019-03-18,Mumbai,Hyderabad,21:05:00,22:25:00,80,0.0,No Info,2050
Jet Airways,2019-03-06,Delhi,Cochin,22:20:00,19:45:00,1285,1.0,No Info,17024
Spicejet,2019-06-09,Kolkata,Banglore,11:35:00,18:50:00,435,1.0,No Info,8479
Spicejet,2019-04-21,Banglore,Delhi,05:55:00,08:35:00,160,0.0,No Info,4423
Multiple Carriers,2019-06-06,Delhi,Cochin,09:45:00,16:10:00,385,1.0,No Info,9646
Jet Airways,2019-06-24,Banglore,Delhi,18:55:00,22:00:00,185,0.0,In-flight meal not included,6478
Jet Airways,2019-03-06,Banglore,New Delhi,16:55:00,10:25:00,1050,1.0,No Info,17261
Air India,2019-03-03,Mumbai,Hyderabad,13:55:00,15:25:00,90,0.0,No Info,6092
Multiple Carriers,2019-06-09,Delhi,Cochin,19:00:00,01:30:00,390,1.0,No Info,7530
Air India,2019-05-12,Kolkata,Banglore,10:00:00,23:15:00,795,1.0,No Info,10203
Multiple Carriers,2019-05-27,Delhi,Cochin,06:40:00,19:15:00,755,1.0,No Info,8837
Multiple Carriers,2019-05-18,Delhi,Cochin,13:00:00,21:00:00,480,1.0,No Info,9385
Air India,2019-03-01,Banglore,New Delhi,05:50:00,09:15:00,1645,1.0,No Info,13439
Jet Airways,2019-03-21,Delhi,Cochin,18:15:00,04:25:00,610,1.0,In-flight meal not included,5963
Spicejet,2019-05-24,Kolkata,Banglore,15:55:00,21:25:00,330,1.0,No Info,7804
Spicejet,2019-03-15,Kolkata,Banglore,17:15:00,19:45:00,150,0.0,No check-in baggage included,3815
Indigo,2019-05-12,Kolkata,Banglore,15:15:00,17:45:00,150,0.0,No Info,4804
Multiple Carriers,2019-05-21,Delhi,Cochin,10:00:00,01:30:00,930,1.0,No Info,7888
Jet Airways,2019-05-01,Banglore,Delhi,15:15:00,18:10:00,175,0.0,No Info,7229
Indigo,2019-04-09,Delhi,Cochin,21:50:00,03:35:00,345,1.0,No Info,7398
Indigo,2019-06-15,Mumbai,Hyderabad,19:05:00,20:35:00,90,0.0,No Info,2754
Multiple Carriers,2019-04-09,Delhi,Cochin,10:35:00,19:15:00,520,1.0,No Info,6106
Air India,2019-04-09,Kolkata,Banglore,19:00:00,11:05:00,965,1.0,No Info,4647
Indigo,2019-04-12,Banglore,Delhi,18:25:00,21:20:00,175,0.0,No Info,4990
Jet Airways,2019-06-09,Delhi,Cochin,05:30:00,04:25:00,1375,2.0,No Info,13014
Jet Airways,2019-03-21,Banglore,New Delhi,08:55:00,15:15:00,380,1.0,In-flight meal not included,7832
Multiple Carriers,2019-06-01,Delhi,Cochin,04:55:00,19:15:00,860,1.0,No Info,8835
Jet Airways,2019-05-09,Delhi,Cochin,20:55:00,04:25:00,450,1.0,In-flight meal not included,12373
Jet Airways,2019-05-18,Kolkata,Banglore,20:00:00,19:50:00,1430,1.0,In-flight meal not included,10844
Multiple Carriers,2019-05-09,Delhi,Cochin,15:00:00,01:30:00,630,1.0,No Info,15078
Goair,2019-06-09,Kolkata,Banglore,06:40:00,14:35:00,475,1.0,No Info,3673
Spicejet,2019-05-03,Banglore,Delhi,09:30:00,12:20:00,170,0.0,No Info,4423
Vistara,2019-05-12,Banglore,Delhi,21:00:00,23:50:00,170,0.0,No Info,4668
Jet Airways,2019-06-06,Kolkata,Banglore,14:05:00,04:40:00,875,1.0,No Info,13059
Jet Airways,2019-05-27,Delhi,Cochin,07:05:00,19:00:00,715,1.0,In-flight meal not included,12898
Air India,2019-03-09,Banglore,New Delhi,10:30:00,21:25:00,655,2.0,No Info,9586
Air India,2019-04-01,Delhi,Cochin,17:20:00,09:25:00,965,1.0,No Info,5117
Indigo,2019-04-27,Kolkata,Banglore,20:20:00,22:55:00,155,0.0,No Info,4804
Indigo,2019-06-12,Chennai,Kolkata,22:05:00,00:25:00,140,0.0,No Info,5277
Jet Airways,2019-06-09,Delhi,Cochin,11:30:00,04:25:00,1015,1.0,In-flight meal not included,10262
Air India,2019-06-09,Kolkata,Banglore,05:50:00,20:25:00,875,2.0,No Info,11201
Indigo,2019-06-21,Banglore,Delhi,22:10:00,01:00:00,170,0.0,No Info,3943
Multiple Carriers,2019-03-27,Delhi,Cochin,13:00:00,01:35:00,755,1.0,No Info,12327
Indigo,2019-05-24,Banglore,Delhi,01:30:00,04:15:00,165,0.0,No Info,3419
Air India,2019-04-01,Kolkata,Banglore,16:45:00,12:00:00,1155,2.0,No Info,9920
Indigo,2019-03-01,Banglore,New Delhi,23:30:00,02:20:00,170,0.0,No Info,10067
Jet Airways,2019-06-03,Delhi,Cochin,20:00:00,04:25:00,505,2.0,In-flight meal not included,15318
Jet Airways,2019-05-18,Kolkata,Banglore,05:45:00,19:50:00,845,1.0,No Info,14781
Spicejet,2019-05-18,Mumbai,Hyderabad,13:15:00,14:45:00,90,0.0,No Info,2227
Jet Airways,2019-04-06,Banglore,Delhi,07:10:00,10:10:00,180,0.0,In-flight meal not included,4544
Vistara,2019-04-01,Delhi,Cochin,14:40:00,17:50:00,190,0.0,No Info,4851
Jet Airways,2019-06-21,Banglore,Delhi,15:15:00,18:10:00,175,0.0,No Info,8016
Multiple Carriers,2019-06-01,Delhi,Cochin,18:15:00,01:30:00,435,1.0,No Info,13377
Indigo,2019-03-06,Mumbai,Hyderabad,16:55:00,18:25:00,90,0.0,No Info,4784
Goair,2019-05-27,Delhi,Cochin,07:00:00,12:55:00,355,1.0,No Info,5752
Jet Airways,2019-03-21,Banglore,New Delhi,14:05:00,11:25:00,1280,1.0,In-flight meal not included,7832
Jet Airways,2019-03-06,Banglore,New Delhi,11:40:00,05:05:00,1045,1.0,No Info,16736
Air India,2019-06-09,Kolkata,Banglore,07:00:00,20:25:00,805,1.0,No Info,10413
Jet Airways,2019-06-09,Delhi,Cochin,17:30:00,19:00:00,1530,1.0,In-flight meal not included,10262
Air India,2019-06-09,Kolkata,Banglore,09:25:00,05:25:00,1200,2.0,No Info,13007
Jet Airways,2019-05-24,Kolkata,Banglore,10:20:00,17:35:00,435,1.0,No Info,8781
Multiple Carriers,2019-06-06,Delhi,Cochin,07:30:00,19:00:00,690,1.0,No Info,12524
Air India,2019-05-09,Kolkata,Banglore,08:20:00,07:55:00,1415,2.0,No Info,10697
Air India,2019-06-27,Delhi,Cochin,05:15:00,07:40:00,1585,3.0,No Info,11543
Jet Airways,2019-05-21,Kolkata,Banglore,06:30:00,07:25:00,1495,2.0,In-flight meal not included,10118
Jet Airways,2019-05-01,Kolkata,Banglore,08:25:00,18:15:00,590,1.0,In-flight meal not included,10844
Vistara,2019-06-18,Banglore,Delhi,11:30:00,14:20:00,170,0.0,No Info,4668
Multiple Carriers,2019-03-03,Delhi,Cochin,04:00:00,18:50:00,890,1.0,No Info,15237
Jet Airways,2019-06-21,Banglore,Delhi,19:50:00,22:50:00,180,0.0,In-flight meal not included,7754
Jet Airways,2019-04-01,Kolkata,Banglore,08:25:00,12:00:00,1655,1.0,In-flight meal not included,7064
Multiple Carriers,2019-03-09,Delhi,Cochin,17:25:00,01:35:00,490,1.0,In-flight meal not included,12616
Jet Airways,2019-06-06,Kolkata,Banglore,18:55:00,20:45:00,1550,1.0,No Info,14571
Multiple Carriers,2019-06-09,Delhi,Cochin,13:00:00,21:00:00,480,1.0,No Info,13587
Air India,2019-06-24,Banglore,Delhi,10:00:00,12:45:00,165,0.0,No Info,6961
Spicejet,2019-04-01,Banglore,Delhi,09:30:00,12:20:00,170,0.0,No check-in baggage included,3919
Indigo,2019-04-06,Kolkata,Banglore,17:15:00,19:50:00,155,0.0,No Info,4174
Jet Airways,2019-04-18,Banglore,Delhi,18:55:00,22:00:00,185,0.0,No Info,7229
Jet Airways,2019-05-18,Delhi,Cochin,05:30:00,04:25:00,1375,2.0,In-flight meal not included,13029
Air India,2019-06-24,Mumbai,Hyderabad,06:20:00,07:40:00,80,0.0,No Info,3100
Spicejet,2019-05-06,Mumbai,Hyderabad,22:45:00,00:15:00,90,0.0,No check-in baggage included,2175
Jet Airways,2019-05-09,Delhi,Cochin,09:35:00,12:35:00,1620,2.0,No Info,14657
Jet Airways,2019-03-27,Delhi,Cochin,06:20:00,19:45:00,2245,2.0,No Info,12273
Indigo,2019-06-01,Kolkata,Banglore,17:15:00,19:50:00,155,0.0,No Info,5224
Multiple Carriers,2019-03-21,Delhi,Cochin,06:00:00,12:35:00,395,1.0,No Info,13369
Jet Airways,2019-06-09,Kolkata,Banglore,18:55:00,18:15:00,1400,1.0,In-flight meal not included,10844
Jet Airways,2019-06-24,Delhi,Cochin,09:25:00,04:25:00,1140,2.0,No Info,13882
Jet Airways,2019-03-24,Kolkata,Banglore,13:55:00,19:40:00,345,1.0,No Info,14231
Vistara,2019-03-03,Banglore,New Delhi,06:40:00,10:25:00,1665,1.0,No Info,12476
Jet Airways,2019-05-21,Kolkata,Banglore,20:00:00,08:15:00,735,1.0,No Info,14781
Indigo,2019-06-24,Delhi,Cochin,11:25:00,01:30:00,845,1.0,No Info,5684
Vistara,2019-04-01,Banglore,Delhi,11:30:00,14:20:00,170,0.0,No Info,5403
Jet Airways,2019-05-27,Delhi,Cochin,13:25:00,12:35:00,1390,2.0,No Info,15129
Air India,2019-03-12,Mumbai,Hyderabad,01:35:00,14:50:00,795,2.0,No Info,9977
Jet Airways,2019-03-18,Banglore,New Delhi,11:40:00,05:05:00,1045,1.0,In-flight meal not included,11087
Indigo,2019-05-09,Delhi,Cochin,20:25:00,01:30:00,305,1.0,No Info,7255
Multiple Carriers,2019-06-27,Delhi,Cochin,11:30:00,19:15:00,465,1.0,No Info,14848
Goair,2019-05-01,Delhi,Cochin,07:25:00,13:35:00,370,1.0,No Info,5842
Jet Airways,2019-05-21,Kolkata,Banglore,17:00:00,21:05:00,1685,1.0,No Info,14151
Jet Airways,2019-06-03,Delhi,Cochin,11:40:00,19:00:00,440,2.0,No Info,18804
Indigo,2019-04-09,Kolkata,Banglore,22:15:00,00:50:00,155,0.0,No Info,4174
Air Asia,2019-05-21,Kolkata,Banglore,22:40:00,10:40:00,720,1.0,No Info,9719
Goair,2019-03-24,Kolkata,Banglore,06:35:00,14:25:00,470,1.0,No Info,4773
Jet Airways,2019-06-03,Banglore,Delhi,07:10:00,10:10:00,180,0.0,In-flight meal not included,5769
Jet Airways,2019-06-12,Delhi,Cochin,15:00:00,12:35:00,1295,1.0,In-flight meal not included,10262
Air India,2019-03-15,Banglore,New Delhi,21:10:00,23:55:00,165,0.0,No Info,8851
Indigo,2019-03-18,Kolkata,Banglore,15:10:00,17:45:00,155,0.0,No Info,4462
Indigo,2019-06-01,Delhi,Cochin,23:30:00,04:35:00,305,1.0,No Info,10112
Air India,2019-05-15,Kolkata,Banglore,09:25:00,18:30:00,545,1.0,No Info,8891
Indigo,2019-03-03,Delhi,Cochin,02:35:00,08:30:00,355,1.0,No Info,13790
Jet Airways,2019-04-01,Kolkata,Banglore,20:00:00,16:20:00,1220,1.0,In-flight meal not included,7064
Jet Airways,2019-05-09,Delhi,Cochin,13:25:00,04:25:00,900,2.0,No Info,16704
Jet Airways,2019-05-27,Delhi,Cochin,18:15:00,19:00:00,1485,1.0,No Info,16079
Indigo,2019-06-03,Chennai,Kolkata,22:05:00,00:25:00,140,0.0,No Info,5277
Jet Airways,2019-03-21,Banglore,New Delhi,07:00:00,19:10:00,730,1.0,In-flight meal not included,7832
Jet Airways,2019-06-12,Delhi,Cochin,05:30:00,19:00:00,810,2.0,In-flight meal not included,11507
Air India,2019-05-24,Kolkata,Banglore,14:15:00,16:45:00,150,0.0,No Info,5510
Spicejet,2019-03-18,Banglore,New Delhi,20:30:00,23:20:00,170,0.0,No Info,4377
Vistara,2019-03-24,Banglore,New Delhi,16:00:00,18:35:00,155,0.0,No Info,11913
Air India,2019-05-21,Kolkata,Banglore,09:25:00,18:30:00,545,1.0,No Info,8366
Multiple Carriers,2019-05-18,Delhi,Cochin,10:35:00,19:15:00,520,1.0,No Info,8309
Air India,2019-06-09,Mumbai,Hyderabad,13:55:00,15:25:00,90,0.0,No Info,3100
Jet Airways,2019-04-06,Banglore,Delhi,17:45:00,20:45:00,180,0.0,No Info,7229
Vistara,2019-05-15,Delhi,Cochin,06:00:00,09:10:00,190,0.0,No Info,6216
Air India,2019-05-01,Kolkata,Banglore,09:25:00,18:30:00,545,1.0,No Info,8891
Air India,2019-05-18,Kolkata,Banglore,14:35:00,14:35:00,1440,1.0,No Info,6528
Jet Airways,2019-03-21,Banglore,New Delhi,08:55:00,20:20:00,685,1.0,In-flight meal not included,7832
Air India,2019-03-24,Banglore,New Delhi,13:20:00,16:10:00,170,0.0,No Info,7276
Jet Airways,2019-06-27,Delhi,Cochin,21:50:00,12:35:00,885,1.0,In-flight meal not included,10262
Jet Airways,2019-05-18,Delhi,Cochin,13:00:00,19:00:00,360,1.0,In-flight meal not included,12373
Indigo,2019-05-18,Delhi,Cochin,16:00:00,01:30:00,570,1.0,No Info,7191
Jet Airways,2019-05-15,Kolkata,Banglore,06:30:00,12:00:00,330,1.0,No Info,14388
Goair,2019-05-01,Banglore,Delhi,20:55:00,23:40:00,165,0.0,No Info,3898
Jet Airways,2019-03-21,Banglore,New Delhi,11:40:00,20:20:00,520,1.0,In-flight meal not included,7832
Air India,2019-05-18,Delhi,Cochin,05:10:00,08:00:00,170,0.0,No Info,6934
Indigo,2019-03-21,Kolkata,Banglore,10:10:00,12:55:00,165,0.0,No Info,5198
Indigo,2019-04-24,Delhi,Cochin,04:55:00,21:00:00,965,1.0,No Info,6162
Jet Airways,2019-05-24,Kolkata,Banglore,20:00:00,09:20:00,800,1.0,In-flight meal not included,10844
Multiple Carriers,2019-06-01,Delhi,Cochin,15:05:00,01:30:00,625,2.0,No Info,18275
Jet Airways,2019-05-18,Kolkata,Banglore,05:45:00,09:20:00,1655,1.0,No Info,14388
Jet Airways,2019-03-24,Kolkata,Banglore,16:55:00,19:40:00,1605,1.0,In-flight meal not included,11134
Spicejet,2019-05-24,Chennai,Kolkata,09:45:00,12:00:00,135,0.0,No check-in baggage included,3543
Indigo,2019-03-09,Banglore,New Delhi,16:55:00,21:50:00,295,1.0,No Info,4259
Multiple Carriers,2019-03-21,Delhi,Cochin,04:45:00,12:35:00,470,1.0,No Info,9838
Jet Airways,2019-03-21,Banglore,New Delhi,14:05:00,07:40:00,1055,1.0,In-flight meal not included,7832
Jet Airways,2019-06-06,Banglore,Delhi,11:10:00,14:05:00,175,0.0,No Info,8016
Jet Airways,2019-05-24,Kolkata,Banglore,18:55:00,04:40:00,585,1.0,No Info,13731
Indigo,2019-05-09,Delhi,Cochin,18:35:00,01:30:00,415,1.0,No Info,8542
Indigo,2019-05-09,Mumbai,Hyderabad,16:55:00,18:25:00,90,0.0,No Info,4784
Jet Airways,2019-06-03,Delhi,Cochin,10:00:00,19:00:00,540,1.0,In-flight meal not included,10262
Air India,2019-05-27,Delhi,Cochin,05:15:00,19:15:00,2280,3.0,No Info,10493
Multiple Carriers,2019-06-24,Delhi,Cochin,08:00:00,21:00:00,780,1.0,No Info,13797
Jet Airways,2019-05-18,Delhi,Cochin,07:05:00,04:25:00,1280,1.0,In-flight meal not included,12373
Indigo,2019-04-18,Banglore,Delhi,13:00:00,15:50:00,170,0.0,No Info,4990
Jet Airways,2019-05-27,Delhi,Cochin,10:00:00,12:35:00,1595,1.0,In-flight meal not included,12898
Indigo,2019-03-15,Banglore,New Delhi,16:50:00,21:35:00,285,1.0,No Info,10406
Air India,2019-05-27,Delhi,Cochin,07:10:00,07:40:00,1470,2.0,No Info,14588
Jet Airways,2019-05-15,Kolkata,Banglore,16:30:00,23:35:00,425,1.0,No Info,13941
Jet Airways,2019-05-18,Banglore,Delhi,19:50:00,22:50:00,180,0.0,In-flight meal not included,5198
Jet Airways,2019-06-03,Delhi,Cochin,19:15:00,12:35:00,1040,1.0,No Info,14714
Jet Airways,2019-05-21,Kolkata,Banglore,17:00:00,10:55:00,1075,1.0,No Info,14151
Jet Airways,2019-05-18,Delhi,Cochin,23:05:00,12:35:00,810,2.0,No Info,15129
Indigo,2019-05-24,Banglore,Delhi,13:00:00,15:50:00,170,0.0,No Info,4990
Air India,2019-03-12,Banglore,New Delhi,17:25:00,23:25:00,1800,2.0,No Info,12725
Jet Airways,2019-03-21,Delhi,Cochin,11:30:00,04:25:00,1015,1.0,In-flight meal not included,7438
Indigo,2019-04-01,Banglore,Delhi,00:30:00,03:25:00,175,0.0,No Info,4423
Indigo,2019-05-06,Chennai,Kolkata,05:15:00,07:40:00,145,0.0,No Info,3540
Jet Airways,2019-06-15,Delhi,Cochin,11:40:00,19:00:00,440,2.0,No Info,18804
Jet Airways,2019-05-21,Kolkata,Banglore,06:30:00,19:50:00,800,1.0,In-flight meal not included,10844
Spicejet,2019-03-24,Chennai,Kolkata,17:45:00,20:05:00,140,0.0,No Info,5418
Air India,2019-05-21,Kolkata,Banglore,09:25:00,21:50:00,745,1.0,No Info,8366
Jet Airways,2019-03-01,Mumbai,Hyderabad,10:20:00,11:50:00,90,0.0,No Info,10875
Goair,2019-04-06,Delhi,Cochin,07:25:00,13:35:00,370,1.0,No Info,4201
Indigo,2019-05-21,Delhi,Cochin,06:50:00,12:10:00,320,1.0,No Info,5530
Jet Airways,2019-05-18,Kolkata,Banglore,08:25:00,22:35:00,850,1.0,No Info,14781
Indigo,2019-06-06,Kolkata,Banglore,15:15:00,20:30:00,315,1.0,No Info,5170
Air India,2019-06-12,Delhi,Cochin,05:10:00,08:00:00,170,0.0,No Info,5201
Indigo,2019-05-12,Delhi,Cochin,14:25:00,17:40:00,195,0.0,No Info,5000
